/* seed.sql — dados reais exportados do Excel em 2026-07-14 (parte 1/2) */
INSERT INTO situacoes VALUES ('Matriculado',1);
INSERT INTO situacoes VALUES ('Rematriculado',1);
INSERT INTO situacoes VALUES ('Cancelado',0);
INSERT INTO situacoes VALUES ('Encerrado',0);
INSERT INTO situacoes VALUES ('Trancado',0);
INSERT INTO situacoes VALUES ('Evadido',0);

INSERT INTO dias VALUES ('Segunda','Seg','2ª',1);
INSERT INTO dias VALUES ('Terça','Ter','3ª',2);
INSERT INTO dias VALUES ('Quarta','Qua','4ª',3);
INSERT INTO dias VALUES ('Quinta','Qui','5ª',4);
INSERT INTO dias VALUES ('Sexta','Sex','6ª',5);
INSERT INTO dias VALUES ('Sábado','Sáb','Sáb',6);
INSERT INTO dias VALUES ('Domingo','Dom','Dom',7);

INSERT INTO livros VALUES ('TOTS 2',1,'Conn',1,1);
INSERT INTO livros VALUES ('TOTS 4',2,'Conn',1,1);
INSERT INTO livros VALUES ('TOTS 6',3,'Conn',1,1);
INSERT INTO livros VALUES ('L. Kids 2',4,'Conn',1,1);
INSERT INTO livros VALUES ('L. Kids 4',5,'Conn',1,1);
INSERT INTO livros VALUES ('Kids Esp 1',6,'Conn',1,0);
INSERT INTO livros VALUES ('KIDS 2',7,'Inter',1,0);
INSERT INTO livros VALUES ('KIDS 4',8,'Inter',1,0);
INSERT INTO livros VALUES ('Next Gen',9,'Inter',0,0);
INSERT INTO livros VALUES ('Teens 2',10,'Inter',0,0);
INSERT INTO livros VALUES ('Teens 4',11,'Inter',0,0);
INSERT INTO livros VALUES ('Teens 6',12,'Inter',0,0);
INSERT INTO livros VALUES ('Teens 8',13,'Inter',0,0);
INSERT INTO livros VALUES ('W2',14,'Inter',0,0);
INSERT INTO livros VALUES ('W4',15,'Inter',0,0);
INSERT INTO livros VALUES ('W6',16,'Inter',0,0);
INSERT INTO livros VALUES ('W8',17,'Inter',0,0);
INSERT INTO livros VALUES ('W10',18,'Inter',0,0);
INSERT INTO livros VALUES ('W12',19,'Inter',0,0);
INSERT INTO livros VALUES ('Español 2',20,'Conn',0,0);
INSERT INTO livros VALUES ('Español 4',21,'Conn',0,0);
INSERT INTO livros VALUES ('Español 6',22,'Conn',0,0);
INSERT INTO livros VALUES ('Italiano 2',23,'Conn',0,0);
INSERT INTO livros VALUES ('Italiano 4',24,'Conn',0,0);
INSERT INTO livros VALUES ('Italiano 6',25,'Conn',0,0);
INSERT INTO livros VALUES ('Port 2',26,'Conn',0,0);

INSERT INTO prioridade VALUES ('Inter',0);
INSERT INTO prioridade VALUES ('Conn',2);
INSERT INTO prioridade VALUES ('Vip Conn',5);
INSERT INTO prioridade VALUES ('Vip Inter',8);
INSERT INTO prioridade VALUES ('On',9);

INSERT INTO funcionarios VALUES ('FP001','Lívia Marchini Soares','Lívia');
INSERT INTO funcionarios VALUES ('FP002','Maria Clara Feldkircher de Oliveira','Maria Cl.');
INSERT INTO funcionarios VALUES ('FP003','Vitor Ricardo Santos','Vitor');
INSERT INTO funcionarios VALUES ('FP004','Willians Jhonatan Araujo Monteiro','Will.J.');

INSERT INTO horario_ativo VALUES ('Segunda','07:00',1);
INSERT INTO horario_ativo VALUES ('Terça','07:00',1);
INSERT INTO horario_ativo VALUES ('Quarta','07:00',1);
INSERT INTO horario_ativo VALUES ('Quinta','07:00',1);
INSERT INTO horario_ativo VALUES ('Sexta','07:00',1);
INSERT INTO horario_ativo VALUES ('Sábado','07:00',1);
INSERT INTO horario_ativo VALUES ('Segunda','08:00',1);
INSERT INTO horario_ativo VALUES ('Terça','08:00',1);
INSERT INTO horario_ativo VALUES ('Quarta','08:00',1);
INSERT INTO horario_ativo VALUES ('Quinta','08:00',1);
INSERT INTO horario_ativo VALUES ('Sexta','08:00',1);
INSERT INTO horario_ativo VALUES ('Sábado','08:00',1);
INSERT INTO horario_ativo VALUES ('Segunda','09:00',1);
INSERT INTO horario_ativo VALUES ('Terça','09:00',1);
INSERT INTO horario_ativo VALUES ('Quarta','09:00',1);
INSERT INTO horario_ativo VALUES ('Quinta','09:00',1);
INSERT INTO horario_ativo VALUES ('Sexta','09:00',1);
INSERT INTO horario_ativo VALUES ('Sábado','09:00',1);
INSERT INTO horario_ativo VALUES ('Segunda','10:00',1);
INSERT INTO horario_ativo VALUES ('Terça','10:00',1);
INSERT INTO horario_ativo VALUES ('Quarta','10:00',1);
INSERT INTO horario_ativo VALUES ('Quinta','10:00',1);
INSERT INTO horario_ativo VALUES ('Sexta','10:00',1);
INSERT INTO horario_ativo VALUES ('Sábado','10:00',1);
INSERT INTO horario_ativo VALUES ('Segunda','11:00',1);
INSERT INTO horario_ativo VALUES ('Terça','11:00',1);
INSERT INTO horario_ativo VALUES ('Quarta','11:00',1);
INSERT INTO horario_ativo VALUES ('Quinta','11:00',1);
INSERT INTO horario_ativo VALUES ('Sexta','11:00',1);
INSERT INTO horario_ativo VALUES ('Sábado','11:00',1);
INSERT INTO horario_ativo VALUES ('Segunda','12:00',1);
INSERT INTO horario_ativo VALUES ('Terça','12:00',1);
INSERT INTO horario_ativo VALUES ('Quarta','12:00',1);
INSERT INTO horario_ativo VALUES ('Quinta','12:00',1);
INSERT INTO horario_ativo VALUES ('Sexta','12:00',1);
INSERT INTO horario_ativo VALUES ('Sábado','12:00',0);
INSERT INTO horario_ativo VALUES ('Segunda','13:00',1);
INSERT INTO horario_ativo VALUES ('Terça','13:00',1);
INSERT INTO horario_ativo VALUES ('Quarta','13:00',1);
INSERT INTO horario_ativo VALUES ('Quinta','13:00',1);
INSERT INTO horario_ativo VALUES ('Sexta','13:00',1);
INSERT INTO horario_ativo VALUES ('Sábado','13:00',0);
INSERT INTO horario_ativo VALUES ('Segunda','14:00',1);
INSERT INTO horario_ativo VALUES ('Terça','14:00',1);
INSERT INTO horario_ativo VALUES ('Quarta','14:00',1);
INSERT INTO horario_ativo VALUES ('Quinta','14:00',1);
INSERT INTO horario_ativo VALUES ('Sexta','14:00',1);
INSERT INTO horario_ativo VALUES ('Sábado','14:00',0);
INSERT INTO horario_ativo VALUES ('Segunda','15:00',1);
INSERT INTO horario_ativo VALUES ('Terça','15:00',1);
INSERT INTO horario_ativo VALUES ('Quarta','15:00',1);
INSERT INTO horario_ativo VALUES ('Quinta','15:00',1);
INSERT INTO horario_ativo VALUES ('Sexta','15:00',1);
INSERT INTO horario_ativo VALUES ('Sábado','15:00',0);
INSERT INTO horario_ativo VALUES ('Segunda','16:00',1);
INSERT INTO horario_ativo VALUES ('Terça','16:00',1);
INSERT INTO horario_ativo VALUES ('Quarta','16:00',1);
INSERT INTO horario_ativo VALUES ('Quinta','16:00',1);
INSERT INTO horario_ativo VALUES ('Sexta','16:00',1);
INSERT INTO horario_ativo VALUES ('Sábado','16:00',0);
INSERT INTO horario_ativo VALUES ('Segunda','17:00',1);
INSERT INTO horario_ativo VALUES ('Terça','17:00',1);
INSERT INTO horario_ativo VALUES ('Quarta','17:00',1);
INSERT INTO horario_ativo VALUES ('Quinta','17:00',1);
INSERT INTO horario_ativo VALUES ('Sexta','17:00',1);
INSERT INTO horario_ativo VALUES ('Sábado','17:00',0);
INSERT INTO horario_ativo VALUES ('Segunda','18:00',1);
INSERT INTO horario_ativo VALUES ('Terça','18:00',1);
INSERT INTO horario_ativo VALUES ('Quarta','18:00',1);
INSERT INTO horario_ativo VALUES ('Quinta','18:00',1);
INSERT INTO horario_ativo VALUES ('Sexta','18:00',1);
INSERT INTO horario_ativo VALUES ('Sábado','18:00',0);
INSERT INTO horario_ativo VALUES ('Segunda','19:00',1);
INSERT INTO horario_ativo VALUES ('Terça','19:00',1);
INSERT INTO horario_ativo VALUES ('Quarta','19:00',1);
INSERT INTO horario_ativo VALUES ('Quinta','19:00',1);
INSERT INTO horario_ativo VALUES ('Sexta','19:00',1);
INSERT INTO horario_ativo VALUES ('Sábado','19:00',0);

INSERT INTO alunos VALUES ('2278','Afonso Henrique Ferreira de Freitas','Cancelado');
INSERT INTO alunos VALUES ('2253','Alana Rodrigues Toro','Cancelado');
INSERT INTO alunos VALUES ('2215','Alberto Sebastian Cardoso Soares','Matriculado');
INSERT INTO alunos VALUES ('2238','Alice Bortura Lins','Matriculado');
INSERT INTO alunos VALUES ('2156','Alice Rodrigues Toro','Encerrado');
INSERT INTO alunos VALUES ('2192','Álvaro Gralak Pradela','Encerrado');
INSERT INTO alunos VALUES ('2153','Amanda Monteiro Siqueira','Matriculado');
INSERT INTO alunos VALUES ('2197','Amanda Nogueira de Oliveira','Matriculado');
INSERT INTO alunos VALUES ('2297','Ana Claudia Oliveira Bodgan','Matriculado');
INSERT INTO alunos VALUES ('1985','Ana Helena Miranda','Rematriculado');
INSERT INTO alunos VALUES ('1994','Ana Luisa da Costa Silva','Matriculado');
INSERT INTO alunos VALUES ('2214','Analu Stela Freire da Costa','Matriculado');
INSERT INTO alunos VALUES ('1773','Angelina Rosário Figueiredo','Matriculado');
INSERT INTO alunos VALUES ('2296','Antonella Medeiros Borsatto','Cancelado');
INSERT INTO alunos VALUES ('2241','Antonio Alves Pinheiro','Cancelado');
INSERT INTO alunos VALUES ('517','Antonio Carlos Moraes Neto','Encerrado');
INSERT INTO alunos VALUES ('2234','Arisa Nakajima','Matriculado');
INSERT INTO alunos VALUES ('270','Arthur Alonso Flores','Matriculado');
INSERT INTO alunos VALUES ('2145','Arthur Costa de Azevedo Fogassa','Encerrado');
INSERT INTO alunos VALUES ('2137','Arthur Oliveira Rodrigues da Silva','Matriculado');
INSERT INTO alunos VALUES ('2247','Beatriz Barbosa de Araujo','Encerrado');
INSERT INTO alunos VALUES ('2040','Beatriz Silveira Santos','Matriculado');
INSERT INTO alunos VALUES ('1704','Bernardo Becker Rower','Encerrado');
INSERT INTO alunos VALUES ('2221','Bernardo Siqueira Rodrigues','Matriculado');
INSERT INTO alunos VALUES ('2302','Bruno Rodrigues Dantas','Matriculado');
INSERT INTO alunos VALUES ('2179','Camila Baranzelli Pavan','Matriculado');
INSERT INTO alunos VALUES ('1734','Camila da Silva Dezinho','Matriculado');
INSERT INTO alunos VALUES ('2194','Carlos de Oliveira Pinheiro Filho','Encerrado');
INSERT INTO alunos VALUES ('2237','Catarina Neves Valderrama','Matriculado');
INSERT INTO alunos VALUES ('1737','Catarina Sykora','Matriculado');
INSERT INTO alunos VALUES ('2126','Cecília Minski da Silva','Matriculado');
INSERT INTO alunos VALUES ('30','Claudinéia Antigo','Matriculado');
INSERT INTO alunos VALUES ('1638','Dante Haruo Funai Gomes','Matriculado');
INSERT INTO alunos VALUES ('2231','Davi Ferreira Shingu','Matriculado');
INSERT INTO alunos VALUES ('1765','Davi Henrique Correia Inacio','Matriculado');
INSERT INTO alunos VALUES ('2272','Débora Damiolini','Matriculado');
INSERT INTO alunos VALUES ('2009','Dileusa Golin Pizzato','Matriculado');
INSERT INTO alunos VALUES ('2207','Ederson Dutra','Matriculado');
INSERT INTO alunos VALUES ('2200','Edilene de Lima Pereira de Souza','Matriculado');
INSERT INTO alunos VALUES ('2240','Eduardo Rayel Francisco Stiebe','Matriculado');
INSERT INTO alunos VALUES ('2229','Emanuely Teixeira Bernardo','Matriculado');
INSERT INTO alunos VALUES ('2263','Enrico José Pestana Chagas','Matriculado');
INSERT INTO alunos VALUES ('1692','Enzo Carvalho Ferreira e Afonseca','Trancado');
INSERT INTO alunos VALUES ('2028','Fábio Chagas da Silva','Evadido');
INSERT INTO alunos VALUES ('2251','Fabricio Miguel Siepmann','Cancelado');
INSERT INTO alunos VALUES ('2259','Felipe Baranzelli Pavan','Matriculado');
INSERT INTO alunos VALUES ('2293','Felipe Santos de Oliveira','Matriculado');
INSERT INTO alunos VALUES ('2284','Flávia Pestana Chagas','Matriculado');
INSERT INTO alunos VALUES ('2245','Flávia Raísa da Silva','Matriculado');
INSERT INTO alunos VALUES ('2252','Flora dos Santos Marques de Oliveira','Cancelado');
INSERT INTO alunos VALUES ('1989','Francisco Rocha Moraes','Matriculado');
INSERT INTO alunos VALUES ('2260','Gabriel Ávalo da Silva','Matriculado');
INSERT INTO alunos VALUES ('2218','Gabriel Benatto Piva','Matriculado');
INSERT INTO alunos VALUES ('2012','Gabriel da Silva de Araújo','Matriculado');
INSERT INTO alunos VALUES ('1693','Gabriela Nonaka Siqueira','Matriculado');
INSERT INTO alunos VALUES ('391','Gabrielly da Silva Santos','Matriculado');
INSERT INTO alunos VALUES ('2248','Gael de Almeida Dossi','Matriculado');
INSERT INTO alunos VALUES ('2148','Gael Otoo Giordano Tanus','Matriculado');
INSERT INTO alunos VALUES ('1992','Gael Vellasques França','Matriculado');
INSERT INTO alunos VALUES ('344','Geovanna Pereira de Souza','Matriculado');
INSERT INTO alunos VALUES ('1812','Guilherme Henrique B. Almada','Matriculado');
INSERT INTO alunos VALUES ('1864','Guilherme Oliveira Martin','Matriculado');
INSERT INTO alunos VALUES ('2227','Gustavo Aguiar Tenorio Prazer','Matriculado');
INSERT INTO alunos VALUES ('1904','Heitor Antonio Sinhorini de Jesus','Encerrado');
INSERT INTO alunos VALUES ('2256','Helena Mantovan de Lima','Matriculado');
INSERT INTO alunos VALUES ('2285','Helena Maria Capuzzo','Matriculado');
INSERT INTO alunos VALUES ('2299','Heloisa Klein','Matriculado');
INSERT INTO alunos VALUES ('2292','Hérica Ribeiro dos Santos','Encerrado');
INSERT INTO alunos VALUES ('242','Ilana stefanello dos Santos','Matriculado');
INSERT INTO alunos VALUES ('1726','Isaac Lopes Lorencone','Matriculado');
INSERT INTO alunos VALUES ('2291','Isabelle Ortiz Ruiz','Matriculado');
INSERT INTO alunos VALUES ('1727','Isadora Salvador Vendas Tanus','Matriculado');
INSERT INTO alunos VALUES ('2046','João Lucas Kodoma Henrique','Matriculado');
INSERT INTO alunos VALUES ('2264','João Miguel Capuzzo','Matriculado');
INSERT INTO alunos VALUES ('2169','João Paulo Pereira Lourenço','Encerrado');
INSERT INTO alunos VALUES ('2306','João Rafael Tanaka','Matriculado');
INSERT INTO alunos VALUES ('2071','João Ricardo Sarturi de Moraes','Matriculado');
INSERT INTO alunos VALUES ('2295','João Victor de Souza Mariano','Encerrado');
INSERT INTO alunos VALUES ('191','José Antonio Martins','Matriculado');
INSERT INTO alunos VALUES ('1813','José Felipe De Almada','Matriculado');
INSERT INTO alunos VALUES ('1833','José Guilherme Araujo Silva','Encerrado');
INSERT INTO alunos VALUES ('1844','José Juliano Zaupa Jacintho','Matriculado');
INSERT INTO alunos VALUES ('2063','Júlia Salvador Ditzel','Evadido');
INSERT INTO alunos VALUES ('2304','Kamila Saori Teixeira Tanaka','Matriculado');
INSERT INTO alunos VALUES ('2223','Kamilly Amanda Pereira Gazola','Matriculado');
INSERT INTO alunos VALUES ('2282','Laura Floriano Estrada','Matriculado');
INSERT INTO alunos VALUES ('396','Leandro Seiti Kusimoto Barros','Evadido');
INSERT INTO alunos VALUES ('1805','Leticia Aparecida Costa','Encerrado');
INSERT INTO alunos VALUES ('88','Letícia R. P. Ferreira','Rematriculado');
INSERT INTO alunos VALUES ('2289','Leticia Vitória Ferreira Diniz','Evadido');
INSERT INTO alunos VALUES ('2164','Lia Stela Freire da Costa','Matriculado');
INSERT INTO alunos VALUES ('1991','Lígia Moraes Bergamo','Matriculado');
INSERT INTO alunos VALUES ('2135','Lívia Camacho Benichio','Matriculado');
INSERT INTO alunos VALUES ('1728','Lívia Defendi Pereira','Encerrado');
INSERT INTO alunos VALUES ('2288','Livia Marchini Soares','Matriculado');
INSERT INTO alunos VALUES ('1986','Lívia Rodovalho Delmondes','Matriculado');
INSERT INTO alunos VALUES ('2163','Lorena Baranzelli Pavan','Matriculado');
INSERT INTO alunos VALUES ('2281','Lorena Vieira Arevalo Domingues','Matriculado');
INSERT INTO alunos VALUES ('2132','Lorenzo Bento Mikas da Cruz','Matriculado');
INSERT INTO alunos VALUES ('2162','Lorenzo de Barros Santussi','Evadido');
INSERT INTO alunos VALUES ('2196','Lucas Daniel Ferreira da Silva','Matriculado');
INSERT INTO alunos VALUES ('1988','Lucas Hidemi Funai Gomes','Matriculado');
INSERT INTO alunos VALUES ('1984','Luísa Banci dos Santos Cocaroli','Matriculado');
INSERT INTO alunos VALUES ('2257','Luiza Freire Marques','Matriculado');
INSERT INTO alunos VALUES ('2298','Luma Helena de Oliveira Souza','Matriculado');
INSERT INTO alunos VALUES ('2303','Maisa Ribeiro da Silva','Matriculado');
INSERT INTO alunos VALUES ('2286','Maite Luiza Pestana Chagas','Matriculado');
INSERT INTO alunos VALUES ('1694','Marcia Regina D. Ferraz Tutida','Matriculado');
INSERT INTO alunos VALUES ('1901','Marcos Jeferson Ribeiro Araújo','Trancado');
INSERT INTO alunos VALUES ('2250','Maria Antonella Azevedo Rudek','Evadido');
INSERT INTO alunos VALUES ('528','Maria Clara Feldkircher de Oliveira','Matriculado');
INSERT INTO alunos VALUES ('2121','Maria Eduarda Antonini','Encerrado');
INSERT INTO alunos VALUES ('1822','Maria Eduarda de Azevedo Silva','Encerrado');
INSERT INTO alunos VALUES ('2220','Maria Eduarda Freitas Rodrigues','Matriculado');
INSERT INTO alunos VALUES ('2261','Maria Eduarda Sarturi de Morais','Evadido');
INSERT INTO alunos VALUES ('2177','Maria Fernanda Salvador Ditzel','Evadido');
INSERT INTO alunos VALUES ('2280','Maria Helena Vieira Arevalo Domingues','Matriculado');
INSERT INTO alunos VALUES ('2144','Maria Luiza Dzieciol Bianchi','Evadido');
INSERT INTO alunos VALUES ('496','Maria Luiza Palma Marques','Matriculado');
INSERT INTO alunos VALUES ('2011','Maria Regina Martinelli Benez Ferreira','Matriculado');
INSERT INTO alunos VALUES ('328','Mariah Oliveira Bogdan','Matriculado');
INSERT INTO alunos VALUES ('2224','Mariana Alves de Castro','Matriculado');
INSERT INTO alunos VALUES ('2210','Mariana Gatti','Matriculado');
INSERT INTO alunos VALUES ('2258','Marina Freire Marques','Matriculado');
INSERT INTO alunos VALUES ('1738','Mateus Miranda Araujo','Encerrado');
INSERT INTO alunos VALUES ('2152','Matheus Klauck Cavalcante','Encerrado');
INSERT INTO alunos VALUES ('2206','Melissa Cristina Mazo Gouveia Dutra','Matriculado');
INSERT INTO alunos VALUES ('2232','Miguel Correia Inacio','Matriculado');
INSERT INTO alunos VALUES ('2155','Miguel Del Colle Troncon','Evadido');
INSERT INTO alunos VALUES ('2283','Miguel Floriano Estrada','Encerrado');
INSERT INTO alunos VALUES ('2203','Miguel Siqueira Botelho','Matriculado');
INSERT INTO alunos VALUES ('2188','Miguel Trevelin da Paz','Matriculado');
INSERT INTO alunos VALUES ('2008','Murilo Eduardo Navier Nakassugui','Matriculado');
INSERT INTO alunos VALUES ('2142','Natália Vitória Pereira da Silva','Encerrado');
INSERT INTO alunos VALUES ('2038','Nathalia Saori Miguel Kuramoto','Matriculado');
INSERT INTO alunos VALUES ('2242','Nicoly Emanuele da Silva Afonso','Encerrado');
INSERT INTO alunos VALUES ('2219','Otávio Álvares Monteiro','Encerrado');
INSERT INTO alunos VALUES ('2290','Otávio Bubela Cesar','Matriculado');
INSERT INTO alunos VALUES ('2262','Otto Katsuo Miguel Kuramoto','Matriculado');
INSERT INTO alunos VALUES ('2310','Paulo Miguel da Silva Martins','Matriculado');
INSERT INTO alunos VALUES ('2294','Pedro Antigo Obertier','Matriculado');
INSERT INTO alunos VALUES ('1835','Pedro Oliveira Arruda','Encerrado');
INSERT INTO alunos VALUES ('2151','Pedro Rocha Cunha','Matriculado');
INSERT INTO alunos VALUES ('2277','Pérola Saúde Gomes','Matriculado');
INSERT INTO alunos VALUES ('2129','Rafael Brandino de Almeida','Matriculado');
INSERT INTO alunos VALUES ('1858','Rafael Módena Monteiro','Matriculado');
INSERT INTO alunos VALUES ('1744','Rafael Stobienia','Matriculado');
INSERT INTO alunos VALUES ('2068','Rafaela Sguissardi Carvalho','Matriculado');
INSERT INTO alunos VALUES ('2193','Rillary Gabriely Lima Teco','Evadido');
INSERT INTO alunos VALUES ('1935','Samuel Brito Luz','Matriculado');
INSERT INTO alunos VALUES ('1939','Sandra Maria Moretto Siqueira','Matriculado');
INSERT INTO alunos VALUES ('2202','Sofia Vergilio Alexandre','Matriculado');
INSERT INTO alunos VALUES ('2062','Sophia Guimarães Rigonatt','Matriculado');
INSERT INTO alunos VALUES ('1826','Sophia Otto Giordano Tanus','Matriculado');
INSERT INTO alunos VALUES ('2287','Valentim Theodor Souza','Matriculado');
INSERT INTO alunos VALUES ('2143','Valentina Brosinga Bohre','Matriculado');
INSERT INTO alunos VALUES ('1672','Vinicius Hiroshi Tanaka Sabino','Matriculado');
INSERT INTO alunos VALUES ('1730','Vinicius Lehmkuhl Maisse','Matriculado');
INSERT INTO alunos VALUES ('2004','Vitor da Silva Guido','Rematriculado');
INSERT INTO alunos VALUES ('2249','Vitória Emanuelli Siepmann','Encerrado');
INSERT INTO alunos VALUES ('2230','Willian Kiyoshi Alencar Kuramoto','Matriculado');
INSERT INTO alunos VALUES ('1887','Willians Jhonatan Araujo Monteiro','Matriculado');
INSERT INTO alunos VALUES ('1914','Yasmin Takeshita Milani','Encerrado');



/* seed.sql — parte 2/2 (turmas + aulas) */
INSERT INTO turmas VALUES ('T001','Español 4','Conn',0,'07:00','09:00','Ativa');
INSERT INTO turma_dia VALUES ('T001','Segunda');
INSERT INTO turmas VALUES ('T002','TOTS 6','Conn',0,'09:00','10:00','Ativa');
INSERT INTO turma_dia VALUES ('T002','Terça');
INSERT INTO turma_dia VALUES ('T002','Quinta');
INSERT INTO turma_professor VALUES ('T002','FP001');
INSERT INTO turmas VALUES ('T003','L. Kids 2','Conn',0,'09:00','11:00','Ativa');
INSERT INTO turma_dia VALUES ('T003','Terça');
INSERT INTO turma_dia VALUES ('T003','Quinta');
INSERT INTO turmas VALUES ('T004','L. Kids 4','Conn',0,'13:00','14:00','Ativa');
INSERT INTO turma_dia VALUES ('T004','Segunda');
INSERT INTO turma_dia VALUES ('T004','Quarta');
INSERT INTO turma_professor VALUES ('T004','FP002');

INSERT INTO aulas VALUES (1,'2215','Terça','09:00','TOTS 6');
INSERT INTO aula_professor VALUES (1,'FP001');
INSERT INTO aulas VALUES (2,'2215','Quinta','09:00','TOTS 6');
INSERT INTO aula_professor VALUES (2,'FP001');
INSERT INTO aulas VALUES (3,'2238','Segunda','13:00','L. Kids 4');
INSERT INTO aula_professor VALUES (3,'FP002');
INSERT INTO aulas VALUES (4,'2238','Quarta','13:00','L. Kids 4');
INSERT INTO aula_professor VALUES (4,'FP002');
INSERT INTO aulas VALUES (5,'2153','Terça','07:00','W4');
INSERT INTO aulas VALUES (6,'2153','Sábado','07:00','W4');
INSERT INTO aulas VALUES (7,'2197','Terça','17:00','W4');
INSERT INTO aula_professor VALUES (7,'FP003');
INSERT INTO aulas VALUES (8,'2297','Terça','08:00','W2');
INSERT INTO aulas VALUES (9,'2297','Quinta','08:00','W2');
INSERT INTO aulas VALUES (10,'1985','Terça','10:00','KIDS 2');
INSERT INTO aulas VALUES (11,'1985','Quinta','10:00','KIDS 2');
INSERT INTO aulas VALUES (12,'1994','Terça','18:00','W6');
INSERT INTO aulas VALUES (13,'1994','Quinta','18:00','W6');
INSERT INTO aulas VALUES (14,'2214','Terça','09:00','TOTS 6');
INSERT INTO aulas VALUES (15,'2214','Quinta','09:00','TOTS 6');
INSERT INTO aulas VALUES (16,'1773','Terça','13:00','W10');
INSERT INTO aulas VALUES (17,'2234','Quarta','09:00','Port 2');
INSERT INTO aulas VALUES (18,'2234','Sexta','09:00','Port 2');
INSERT INTO aulas VALUES (19,'270','Terça','14:00','Teens 8');
INSERT INTO aulas VALUES (20,'2137','Terça','09:00','L. Kids 2');
INSERT INTO aulas VALUES (21,'2137','Quinta','09:00','L. Kids 2');
INSERT INTO aulas VALUES (22,'2040','Terça','14:00','W4');
INSERT INTO aulas VALUES (23,'2040','Quinta','14:00','W4');
INSERT INTO aulas VALUES (24,'2221','Segunda','14:00','Teens 2');
INSERT INTO aulas VALUES (25,'2221','Quinta','18:00','Teens 2');
INSERT INTO aulas VALUES (26,'2302','Sábado','10:00','Italiano 2');
INSERT INTO aulas VALUES (27,'2179','Terça','14:00','W4');
INSERT INTO aulas VALUES (28,'2179','Quarta','14:00','W4');
INSERT INTO aulas VALUES (29,'1734','Terça','07:00','W4');
INSERT INTO aulas VALUES (30,'1734','Sábado','07:00','W4');
INSERT INTO aulas VALUES (31,'2237','Segunda','13:00','L. Kids 4');
INSERT INTO aula_professor VALUES (31,'FP002');
INSERT INTO aulas VALUES (32,'2237','Quarta','13:00','L. Kids 4');
INSERT INTO aula_professor VALUES (32,'FP002');
INSERT INTO aulas VALUES (33,'1737','Terça','14:00','Next Gen');
INSERT INTO aulas VALUES (34,'1737','Quinta','14:00','Next Gen');
INSERT INTO aulas VALUES (35,'2126','Terça','14:00','Teens 2');
INSERT INTO aulas VALUES (36,'2126','Quinta','14:00','Teens 2');
INSERT INTO aulas VALUES (37,'30','Sábado','10:00','Italiano 2');
INSERT INTO aulas VALUES (38,'1638','Segunda','14:00','KIDS 4');
INSERT INTO aulas VALUES (39,'1638','Quarta','14:00','KIDS 4');
INSERT INTO aulas VALUES (40,'2231','Segunda','13:00','Next Gen');
INSERT INTO aulas VALUES (41,'2231','Quarta','13:00','Next Gen');
INSERT INTO aulas VALUES (42,'1765','Segunda','13:00','W2');
INSERT INTO aulas VALUES (43,'1765','Quinta','13:00','W2');
INSERT INTO aulas VALUES (44,'2272','Terça','08:00','W2');
INSERT INTO aulas VALUES (45,'2272','Quinta','08:00','W2');
INSERT INTO aulas VALUES (46,'2009','Terça','18:00','Italiano 2');
INSERT INTO aulas VALUES (47,'2009','Quarta','18:00','Italiano 2');
INSERT INTO aulas VALUES (48,'2207','Sábado','10:00','Italiano 2');
INSERT INTO aulas VALUES (49,'2240','Terça','08:00','W4');
INSERT INTO aulas VALUES (50,'2240','Quinta','08:00','W4');
INSERT INTO aulas VALUES (51,'2229','Terça','15:00','KIDS 4');
INSERT INTO aulas VALUES (52,'2229','Sexta','15:00','KIDS 4');
INSERT INTO aulas VALUES (53,'2263','Terça','10:00','L. Kids 4');
INSERT INTO aulas VALUES (54,'2263','Quinta','10:00','L. Kids 4');
INSERT INTO aulas VALUES (55,'2259','Terça','14:00','KIDS 2');
INSERT INTO aulas VALUES (56,'2259','Quarta','14:00','KIDS 2');
INSERT INTO aulas VALUES (57,'2293','Segunda','14:00','L. Kids 2');
INSERT INTO aulas VALUES (58,'2293','Quarta','14:00','L. Kids 2');
INSERT INTO aulas VALUES (59,'2284','Segunda','16:00','W2');
INSERT INTO aulas VALUES (60,'2284','Quarta','16:00','W2');
INSERT INTO aulas VALUES (61,'2260','Sábado','09:00','W6');
INSERT INTO aulas VALUES (62,'2218','Segunda','13:00','W6');
INSERT INTO aulas VALUES (63,'2218','Quarta','13:00','W6');
INSERT INTO aulas VALUES (64,'2218','Quinta','13:00','W6');
INSERT INTO aulas VALUES (65,'2218','Sexta','13:00','W6');
INSERT INTO aulas VALUES (66,'2012','Terça','14:00','W2');
INSERT INTO aulas VALUES (67,'1693','Sábado','10:00','Italiano 2');
INSERT INTO aulas VALUES (68,'2248','Terça','10:00','TOTS 6');
INSERT INTO aulas VALUES (69,'2248','Quinta','10:00','TOTS 6');
INSERT INTO aulas VALUES (70,'2148','Terça','10:00','L. Kids 4');
INSERT INTO aulas VALUES (71,'2148','Quinta','10:00','L. Kids 4');
INSERT INTO aulas VALUES (72,'1992','Terça','10:00','KIDS 2');
INSERT INTO aulas VALUES (73,'1992','Quinta','10:00','KIDS 2');
INSERT INTO aulas VALUES (74,'1812','Segunda','07:00','Español 4');
INSERT INTO aulas VALUES (75,'2256','Terça','09:00','KIDS 2');
INSERT INTO aulas VALUES (76,'2256','Quinta','09:00','KIDS 2');
INSERT INTO aulas VALUES (77,'2285','Terça','10:00','TOTS 4');
INSERT INTO aulas VALUES (78,'2285','Quinta','10:00','TOTS 4');
INSERT INTO aulas VALUES (79,'2299','Terça','15:00','KIDS 2');
INSERT INTO aulas VALUES (80,'2299','Quinta','14:00','KIDS 2');
INSERT INTO aulas VALUES (81,'2291','Terça','13:00','W2');
INSERT INTO aulas VALUES (82,'2291','Quinta','13:00','W2');
INSERT INTO aulas VALUES (83,'2264','Terça','10:00','KIDS 2');
INSERT INTO aulas VALUES (84,'2264','Quinta','10:00','KIDS 2');
INSERT INTO aulas VALUES (85,'2071','Terça','10:00','KIDS 4');
INSERT INTO aulas VALUES (86,'2071','Quinta','10:00','KIDS 4');
INSERT INTO aulas VALUES (87,'191','Terça','18:00','W6');
INSERT INTO aulas VALUES (88,'191','Quinta','18:00','W6');
INSERT INTO aulas VALUES (89,'1813','Segunda','07:00','Español 4');
INSERT INTO aulas VALUES (90,'2282','Segunda','13:00','L. Kids 4');
INSERT INTO aula_professor VALUES (90,'FP002');
INSERT INTO aulas VALUES (91,'2282','Quarta','13:00','L. Kids 4');
INSERT INTO aula_professor VALUES (91,'FP002');
INSERT INTO aulas VALUES (92,'88','Segunda','07:00','Español 4');
INSERT INTO aulas VALUES (93,'2164','Terça','09:00','KIDS 4');
INSERT INTO aulas VALUES (94,'2164','Quinta','09:00','KIDS 4');
INSERT INTO aulas VALUES (95,'1991','Terça','09:00','KIDS 4');
INSERT INTO aulas VALUES (96,'2135','Terça','09:00','L. Kids 2');
INSERT INTO aulas VALUES (97,'2135','Quinta','09:00','L. Kids 2');
INSERT INTO aulas VALUES (98,'2288','Terça','07:00','Español 2');
INSERT INTO aulas VALUES (99,'2288','Quinta','07:00','Español 2');
INSERT INTO aulas VALUES (100,'1986','Terça','10:00','KIDS 4');
INSERT INTO aulas VALUES (101,'1986','Quinta','10:00','KIDS 4');
INSERT INTO aulas VALUES (102,'2132','Terça','08:00','KIDS 4');
INSERT INTO aulas VALUES (103,'2132','Quinta','08:00','KIDS 4');
INSERT INTO aulas VALUES (104,'1988','Segunda','14:00','L. Kids 2');
INSERT INTO aulas VALUES (105,'1988','Quarta','14:00','L. Kids 2');
INSERT INTO aulas VALUES (106,'1984','Segunda','14:00','L. Kids 2');
INSERT INTO aulas VALUES (107,'1984','Quarta','14:00','L. Kids 2');
INSERT INTO aulas VALUES (108,'2257','Terça','10:00','Next Gen');
INSERT INTO aulas VALUES (109,'2257','Quinta','10:00','Next Gen');
INSERT INTO aulas VALUES (110,'2298','Quinta','08:00','Teens 2');
INSERT INTO aulas VALUES (111,'2286','Terça','10:00','TOTS 4');
INSERT INTO aulas VALUES (112,'2286','Quinta','10:00','TOTS 4');
INSERT INTO aulas VALUES (113,'1694','Segunda','15:00','Español 4');
INSERT INTO aulas VALUES (114,'1694','Quarta','15:00','Español 4');
INSERT INTO aulas VALUES (115,'528','Terça','07:00','W12');
INSERT INTO aulas VALUES (116,'528','Quinta','07:00','W12');
INSERT INTO aulas VALUES (117,'2011','Terça','18:00','Italiano 4');
INSERT INTO aulas VALUES (118,'2011','Quarta','18:00','Italiano 4');
INSERT INTO aulas VALUES (119,'328','Terça','13:00','W12');
INSERT INTO aulas VALUES (120,'328','Quinta','13:00','W12');
INSERT INTO aulas VALUES (121,'2224','Segunda','13:00','KIDS 2');
INSERT INTO aulas VALUES (122,'2224','Quarta','13:00','KIDS 2');
INSERT INTO aulas VALUES (123,'2258','Terça','10:00','KIDS 2');
INSERT INTO aulas VALUES (124,'2258','Quinta','10:00','KIDS 2');
INSERT INTO aulas VALUES (125,'2206','Sábado','10:00','Italiano 2');
INSERT INTO aulas VALUES (126,'2203','Terça','18:00','W4');
INSERT INTO aulas VALUES (127,'2203','Quinta','18:00','W4');
INSERT INTO aulas VALUES (128,'2188','Terça','10:00','KIDS 2');
INSERT INTO aulas VALUES (129,'2188','Quinta','10:00','KIDS 2');
INSERT INTO aulas VALUES (130,'2290','Terça','08:00','KIDS 2');
INSERT INTO aulas VALUES (131,'2290','Quinta','08:00','KIDS 2');
INSERT INTO aulas VALUES (132,'2262','Segunda','13:00','L. Kids 4');
INSERT INTO aula_professor VALUES (132,'FP002');
INSERT INTO aulas VALUES (133,'2262','Quarta','13:00','L. Kids 4');
INSERT INTO aula_professor VALUES (133,'FP002');
INSERT INTO aulas VALUES (134,'2294','Sábado','10:00','Italiano 2');
INSERT INTO aulas VALUES (135,'2151','Segunda','15:00','Teens 2');
INSERT INTO aulas VALUES (136,'2151','Sexta','15:00','Teens 2');
INSERT INTO aulas VALUES (137,'2277','Terça','15:00','KIDS 2');
INSERT INTO aulas VALUES (138,'2277','Quinta','14:00','KIDS 2');
INSERT INTO aulas VALUES (139,'2129','Terça','10:00','L. Kids 4');
INSERT INTO aulas VALUES (140,'2129','Quinta','10:00','L. Kids 4');
INSERT INTO aulas VALUES (141,'1939','Terça','17:00','W2');
INSERT INTO aulas VALUES (142,'1939','Quinta','17:00','W2');
INSERT INTO aulas VALUES (143,'2287','Terça','10:00','TOTS 4');
INSERT INTO aulas VALUES (144,'2287','Quinta','10:00','TOTS 4');
INSERT INTO aulas VALUES (145,'1887','Sábado','09:00','Español 4');
INSERT INTO aulas VALUES (146,'2230','Terça','18:00','W2');
INSERT INTO aulas VALUES (147,'2230','Quinta','18:00','W2');
INSERT INTO aulas VALUES (148,'2304','Terça','08:00','KIDS 4');
INSERT INTO aulas VALUES (149,'2306','Quarta','13:00','W4');
INSERT INTO aulas VALUES (150,'2306','Segunda','13:00','W4');
INSERT INTO aulas VALUES (151,'1694','Sexta','15:00','Español 4');
INSERT INTO aulas VALUES (152,'2281','Terça','14:00','Teens 2');
INSERT INTO aulas VALUES (153,'2281','Quinta','14:00','Teens 2');
INSERT INTO aulas VALUES (154,'2062','Segunda','14:00','W4');
INSERT INTO aulas VALUES (155,'2062','Quarta','14:00','W4');
INSERT INTO aulas VALUES (156,'2202','Segunda','14:00','W2');
INSERT INTO aulas VALUES (157,'2202','Quarta','14:00','W2');
INSERT INTO aulas VALUES (158,'2223','Terça','17:00','W2');
INSERT INTO aulas VALUES (159,'2223','Quinta','17:00','W2');
INSERT INTO aulas VALUES (160,'2227','Terça','15:00','W2');
INSERT INTO aulas VALUES (161,'2227','Quinta','15:00','W2');
INSERT INTO aulas VALUES (162,'2196','Quarta','15:00','W2');
INSERT INTO aulas VALUES (163,'2196','Quinta','15:00','W2');
INSERT INTO aulas VALUES (164,'2196','Segunda','15:00','W2');
INSERT INTO aulas VALUES (165,'2046','Terça','14:00','KIDS 4');
INSERT INTO aulas VALUES (166,'2046','Quinta','14:00','KIDS 4');
INSERT INTO aulas VALUES (167,'1989','Segunda','14:00','Teens 2');
INSERT INTO aulas VALUES (168,'1989','Quarta','14:00','Teens 2');
INSERT INTO aulas VALUES (169,'2210','Terça','14:00','Teens 2');
INSERT INTO aulas VALUES (170,'2210','Quinta','14:00','Teens 2');
INSERT INTO aulas VALUES (171,'1727','Quinta','14:00','Teens 6');
INSERT INTO aulas VALUES (172,'391','Quinta','13:00','W10');
INSERT INTO aulas VALUES (173,'2008','Terça','13:00','W4');
INSERT INTO aulas VALUES (174,'2008','Quarta','13:00','W4');
INSERT INTO aulas VALUES (175,'1844','Terça','15:00','Teens 2');
INSERT INTO aulas VALUES (176,'1844','Quinta','15:00','Teens 2');
INSERT INTO aulas VALUES (177,'496','Sexta','14:00','W2');
INSERT INTO aulas VALUES (178,'2143','Terça','13:00','Teens 2');
INSERT INTO aulas VALUES (179,'2143','Sexta','13:00','Teens 2');
INSERT INTO aulas VALUES (180,'1672','Sexta','15:00','Teens 2');
INSERT INTO aulas VALUES (181,'2280','Terça','14:00','KIDS 4');
INSERT INTO aulas VALUES (182,'2280','Quinta','14:00','KIDS 4');
INSERT INTO aulas VALUES (183,'1744','Quarta','14:00','Teens 6');
INSERT INTO aulas VALUES (184,'1744','Terça','14:00','Teens 6');
INSERT INTO aulas VALUES (185,'1935','Terça','14:00','Teens 6');
INSERT INTO aulas VALUES (186,'1935','Quarta','14:00','Teens 6');
INSERT INTO aulas VALUES (187,'2038','Segunda','15:00','Teens 2');
INSERT INTO aulas VALUES (188,'2038','Quarta','15:00','Teens 2');
INSERT INTO aulas VALUES (189,'2218','Terça','13:00','W6');
INSERT INTO aulas VALUES (190,'2068','Terça','14:00','L. Kids 2');
INSERT INTO aulas VALUES (191,'2068','Quinta','14:00','L. Kids 2');
INSERT INTO aulas VALUES (192,'2310','Terça','13:00','KIDS 2');
INSERT INTO aulas VALUES (193,'2310','Quarta','13:00','KIDS 2');